transcript_id,transcript_position,n_reads,probability_modified,kmer,mod_ratio
NC_000008.11:127794524-128101256,2375,45,0.1741660535335541,AGACA,0.0444444444444444
NC_000008.11:127794524-128101256,2576,61,0.3978091478347778,GAACT,0.1311475409836066
NC_000008.11:127794524-128101256,3580,367,0.0815367251634598,AGACC,0.0299727520435967
NC_000008.11:127794524-128101256,3603,382,0.0115372044965625,AAACC,0.0000000000000000
NC_000008.11:127794524-128101256,3701,271,0.3095028102397919,GAACC,0.1402214022140221
NC_000008.11:127794524-128101256,3771,93,0.2065862417221069,AAACT,0.0537634408602151
NC_000008.11:127794524-128101256,3790,36,0.0100214108824730,AAACA,0.0000000000000000
