transcript_id,transcript_position,n_reads,probability_modified,kmer,mod_ratio
NC_060946.1:31432823-31442955,8543,21,0.0107054673135281,TAACA,0.0000000000000000
NC_060946.1:31432823-31442955,8567,20,0.9186328649520874,GGACT,0.5500000000000000
NC_060946.1:31432823-31442955,8590,20,0.6028745174407959,GGACC,0.2000000000000000
NC_060946.1:31432823-31442955,8693,22,0.6370372176170349,GAACC,0.1363636363636364
NC_060946.1:31432823-31442955,8796,24,0.7217231392860413,GAACT,0.4583333333333333
NC_060946.1:31432823-31442955,8858,24,0.6279472112655640,TGACT,0.2916666666666667
NC_060946.1:31432823-31442955,8922,24,0.8986399173736572,GGACA,0.4166666666666667
NC_060946.1:31432823-31442955,8938,26,0.7631926536560059,AGACT,0.3846153846153846
NC_060946.1:31432823-31442955,8945,24,0.0440216287970543,TGACC,0.0000000000000000
NC_060946.1:31432823-31442955,8969,26,0.4058301746845245,AAACT,0.2307692307692308
NC_060946.1:31432823-31442955,8999,24,0.8736906647682190,GGACA,0.4583333333333333
NC_060946.1:31432823-31442955,9032,22,0.6873892545700073,AGACT,0.4090909090909091
NC_060946.1:31432823-31442955,9043,25,0.6554465293884277,GGACA,0.2800000000000000
NC_060946.1:31432823-31442955,9048,25,0.0866086706519127,GGACA,0.0000000000000000
NC_060946.1:31432823-31442955,9052,24,0.0971080660820007,AAACT,0.0416666666666667
NC_060946.1:31432823-31442955,9090,30,0.0029145909938961,TAACC,0.0000000000000000
